{
  "estimate": {
    "dsp": 9702.0,
    "bram": 47.30000000000002,
    "lut": 247424.0,
    "bw_bytes": 88064.0
  },
  "vivado": {
    "lut": 2005.0,
    "ff": 74.0,
    "dsp": 0.0,
    "bram": 0.0,
    "total_power": 0.635,
    "dynamic_power": 0.043,
    "static_power": 0.592,
    "freq_mhz": 737.4631268436578,
    "latency_ms": 0.005423999999999999,
    "fps": 184365.78171091448,
    "energy_mj": 0.0034442399999999995,
    "bw_mbs": 16235.988200589973
  },
  "error_pct": {
    "dsp": -100.0,
    "bram": -100.0,
    "lut": -99.18965015519917
  },
  "timing": {
    "wns": 3.644,
    "tns": 0.0,
    "timing_ok": true,
    "timing_violation": false
  }
}